{
    "accuracy": 0.67275,
    "f1": 0.6450112587809026,
    "recall": 0.67275,
    "precision": 0.7780577654153066
}