{
    "accuracy": 0.3525,
    "f1": 0.3120847010654301,
    "recall": 0.3525,
    "precision": 0.48517473345687306
}