{
    "accuracy": 0.269625,
    "f1": 0.21635753158409632,
    "recall": 0.269625,
    "precision": 0.49070538346081455
}