{
    "accuracy": 0.350625,
    "f1": 0.3099421482306638,
    "recall": 0.350625,
    "precision": 0.3308949902928954
}