{
    "accuracy": 0.784875,
    "f1": 0.7855877159092973,
    "recall": 0.784875,
    "precision": 0.7870821453961943
}