{
    "accuracy": 0.213,
    "f1": 0.16333098074272265,
    "recall": 0.213,
    "precision": 0.2420173091794427
}