{
    "accuracy": 0.10875,
    "f1": 0.0626399132113874,
    "recall": 0.10875,
    "precision": 0.24120058844589454
}