{
    "accuracy": 0.13125,
    "f1": 0.06264786197712335,
    "recall": 0.13125,
    "precision": 0.04414877065628433
}